{"cameraMode":{"drawMode":0,"name":"Shaded","section":"Shading Mode"},"sceneLighting":true,"audioPlay":false,"sceneViewState":{"showFog":true,"showMaterialUpdate":false,"showSkybox":true,"showFlares":true,"showImageEffects":true,"showParticleSystems":true},"in2DMode":false,"pivot":{"x":-0.022121429443359376,"y":-0.135009765625,"z":-0.032806396484375},"rotation":{"x":-0.6346291303634644,"y":0.25470131635665896,"z":-0.2339002788066864,"w":-0.6911323070526123},"size":0.4520764946937561,"orthographic":true}